blueprint,file,func:line,methods,kind,status,models,enforced_by
admin,admin/routes.py,api_user_projects_tree:1443,GET,READ,MISSING,SysDept,
admin,admin/routes.py,attachments:1116,GET,READ,MISSING,Attachment,
admin,admin/routes.py,create_announcement:1185,"GET,POST",READ,MISSING,SysDept,
admin,admin/routes.py,create_user:169,"GET,POST",READ,MISSING,SysDept;User,
admin,admin/routes.py,delete_attachment:1140,POST,WRITE,MISSING,Attachment,
admin,admin/routes.py,edit_announcement:1250,"GET,POST",READ,MISSING,SysDept,
admin,admin/routes.py,edit_user:266,"GET,POST",READ,MISSING,SysDept;SysUserProject;User,
admin,admin/routes.py,import_users:459,"GET,POST",READ,MISSING,SysDept;User,
admin,admin/routes.py,online_users:1316,GET,READ,MISSING,SysDept;User,
admin,admin/routes.py,reset_password:353,"GET,POST",READ,MISSING,User,
admin,admin/routes.py,toggle_user_status:397,POST,WRITE,MISSING,User,
admin,admin/routes.py,user_projects:128,"GET,POST",READ,MISSING,SysUserProject;User,
admin,admin/routes.py,users:115,GET,READ,MISSING,SysDept;User,
approval,approval/routes.py,branches:359,GET,READ,MISSING,User,
approval,approval/routes.py,detail:699,GET,READ,MISSING,ApprovalInstance,
approval,approval/routes.py,my_approvals:663,GET,READ,MISSING,ApprovalInstance,
approval,approval/routes.py,nodes:194,GET,READ,MISSING,User,
batch,batch/routes.py,toggle_category_batch:101,POST,WRITE,MISSING,Category,
category,category/routes.py,api_children:106,GET,READ,MISSING,Category,
category,category/routes.py,api_tree:79,GET,READ,MISSING,Category,
category,category/routes.py,index:30,GET,READ,MISSING,Category,
concrete,concrete/routes.py,api_contract_progress:93,GET,READ,MISSING,ConcreteTicket;Contract,
concrete,concrete/routes.py,delete:399,POST,WRITE,MISSING,ConcreteTicket,
concrete,concrete/routes.py,edit:344,"GET,POST",READ,MISSING,ConcreteTicket;Supplier;WorkNumber,
concrete,concrete/routes.py,transfer:477,POST,WRITE,MISSING,ConcreteTicket;Inventory;Material,
contract,contract/routes.py,api_contract_items:653,GET,READ,MISSING,Material,
contract,contract/routes.py,batch_create_items:355,POST,WRITE,MISSING,Contract,
contract,contract/routes.py,contract_change:1442,"GET,POST",READ,MISSING,Contract,
contract,contract/routes.py,contract_changes:1482,GET,READ,MISSING,Contract,
contract,contract/routes.py,contract_instance_detail:934,GET,READ,MISSING,ContractInstance,
contract,contract/routes.py,contract_instance_download:963,GET,READ,MISSING,ContractInstance,
contract,contract/routes.py,contract_instance_submit:1015,POST,WRITE,MISSING,ContractInstance,
contract,contract/routes.py,contract_instance_sync:1421,POST,WRITE,MISSING,ContractInstance,
contract,contract/routes.py,contract_instances:904,GET,READ,MISSING,ContractInstance,
contract,contract/routes.py,contract_template_delete:1354,POST,WRITE,MISSING,ContractInstance,
contract,contract/routes.py,create_item:289,POST,WRITE,MISSING,Contract;Material,
contract,contract/routes.py,delete:253,POST,WRITE,MISSING,Contract,
contract,contract/routes.py,delete_invoice:508,POST,WRITE,MISSING,Invoice,
contract,contract/routes.py,delete_payment:623,POST,WRITE,MISSING,Payment,
contract,contract/routes.py,detail:225,GET,READ,MISSING,Contract,
contract,contract/routes.py,edit:189,"GET,POST",READ,MISSING,Contract,
contract,contract/routes.py,edit_invoice:479,"GET,POST",READ,MISSING,Contract;Invoice,
contract,contract/routes.py,edit_payment:595,"GET,POST",READ,MISSING,Contract;Payment;PaymentApplication,
contract,contract/routes.py,restore:275,POST,WRITE,MISSING,Contract,
equipment,equipment/routes.py,add_maintenance:568,POST,WRITE,MISSING,Equipment,
equipment,equipment/routes.py,change_status:348,POST,WRITE,MISSING,Equipment,
equipment,equipment/routes.py,create:163,"GET,POST",READ,MISSING,Supplier,
equipment,equipment/routes.py,delete:331,POST,WRITE,MISSING,Equipment,
equipment,equipment/routes.py,depreciation:604,GET,READ,MISSING,Equipment,
equipment,equipment/routes.py,detail:308,GET,READ,MISSING,Equipment,
equipment,equipment/routes.py,edit:226,"GET,POST",READ,MISSING,Equipment;Supplier,
equipment,equipment/routes.py,inspection_delete:770,POST,WRITE,MISSING,EquipmentInspection;EquipmentInspectionTask,
equipment,equipment/routes.py,inspection_detail:786,GET,READ,MISSING,EquipmentInspection;EquipmentInspectionTask,
equipment,equipment/routes.py,inspection_edit:742,"GET,POST",READ,MISSING,EquipmentInspection,
equipment,equipment/routes.py,inspection_generate:809,POST,WRITE,MISSING,Equipment;EquipmentInspection;EquipmentInspectionTask,
equipment,equipment/routes.py,inspection_list:683,GET,READ,MISSING,EquipmentInspection,
equipment,equipment/routes.py,inspection_record_detail:884,GET,READ,MISSING,EquipmentInspectionRecord,
equipment,equipment/routes.py,inspection_records:872,GET,READ,MISSING,EquipmentInspectionRecord,
equipment,equipment/routes.py,inspection_task_skip:901,POST,WRITE,MISSING,EquipmentInspectionTask,
equipment,equipment/routes.py,inspection_tasks:856,GET,READ,MISSING,EquipmentInspectionTask,
equipment,equipment/routes.py,rent_settle:390,GET,READ,MISSING,Supplier,
equipment,equipment/routes.py,rent_settle_api_equipment:551,GET,READ,MISSING,Equipment,
equipment,equipment/routes.py,rent_settle_create:432,"GET,POST",READ,MISSING,Equipment,
equipment,equipment/routes.py,rent_settle_edit:481,"GET,POST",READ,MISSING,Equipment,
master,master/routes.py,category_api_children:1381,GET,READ,MISSING,Category,
master,master/routes.py,category_api_tree:1354,GET,READ,MISSING,Category,
master,master/routes.py,category_batch_create:1240,POST,WRITE,MISSING,Category,
master,master/routes.py,category_batch_delete:1677,POST,WRITE,MISSING,Category;Material,
master,master/routes.py,category_create:1175,POST,WRITE,MISSING,Category,
master,master/routes.py,category_delete:1332,POST,WRITE,MISSING,Category;Material,
master,master/routes.py,category_edit:1306,POST,WRITE,MISSING,Category,
master,master/routes.py,category_export:1742,GET,READ,MISSING,Category,
master,master/routes.py,category_import:1475,POST,WRITE,MISSING,Category,
master,master/routes.py,category_index:1162,GET,READ,MISSING,Category,
master,master/routes.py,material_api_search:299,GET,READ,MISSING,Material,
master,master/routes.py,material_create:152,"GET,POST",READ,MISSING,Category,
master,master/routes.py,material_delete:269,POST,WRITE,MISSING,Inventory;Material,
master,master/routes.py,material_edit:207,"GET,POST",READ,MISSING,Category;Material,
master,master/routes.py,material_export:347,GET,READ,MISSING,Material,
master,master/routes.py,material_import:505,POST,WRITE,MISSING,Category;Material,
master,master/routes.py,material_index:112,GET,READ,MISSING,Category;Material,
master,master/routes.py,material_toggle_status:251,POST,WRITE,MISSING,Material,
master,master/routes.py,supplier_api_search:860,GET,READ,MISSING,Supplier,
master,master/routes.py,supplier_delete:834,POST,WRITE,MISSING,Contract;StockIn;Supplier,
master,master/routes.py,supplier_edit:769,"GET,POST",READ,MISSING,Supplier,
master,master/routes.py,supplier_export:903,GET,READ,MISSING,Supplier,
master,master/routes.py,supplier_import:1014,POST,WRITE,MISSING,Supplier,
master,master/routes.py,supplier_index:695,GET,READ,MISSING,Supplier,
master,master/routes.py,supplier_status:803,POST,WRITE,MISSING,Supplier,
material,material/routes.py,delete:174,POST,WRITE,MISSING,Material,
material,material/routes.py,edit:143,"GET,POST",READ,MISSING,Category;Material,
material_return,material_return/routes.py,api_stock_out_items:358,GET,READ,MISSING,StockOut,
material_return,material_return/routes.py,approve:319,POST,WRITE,MISSING,MaterialReturn,
material_return,material_return/routes.py,delete:269,POST,WRITE,MISSING,MaterialReturn,
material_return,material_return/routes.py,detail:205,GET,READ,MISSING,MaterialReturn,
material_return,material_return/routes.py,edit:215,"GET,POST",READ,MISSING,MaterialReturn;StockOut,
material_return,material_return/routes.py,reject:343,POST,WRITE,MISSING,MaterialReturn,
material_return,material_return/routes.py,submit:284,POST,WRITE,MISSING,MaterialReturn,
material_transfer,material_transfer/routes.py,api_inventory:357,GET,READ,MISSING,Inventory,
material_transfer,material_transfer/routes.py,confirm_out:252,POST,WRITE,MISSING,Inventory,
mobile,mobile/routes.py,api_auth_profile:200,GET,READ,MISSING,User,
mobile,mobile/routes.py,api_auth_refresh:169,POST,WRITE,MISSING,User,
mobile,mobile/routes.py,api_auth_token:130,POST,WRITE,MISSING,User,
mobile,mobile/routes.py,api_category_list:288,GET,READ,MISSING,Category,
mobile,mobile/routes.py,api_concrete_history_pour_part:3219,GET,READ,MISSING,ConcreteTicket,
mobile,mobile/routes.py,api_concrete_suppliers:3200,GET,READ,MISSING,Supplier,
mobile,mobile/routes.py,api_equipment_by_code:2324,GET,READ,MISSING,Equipment,
mobile,mobile/routes.py,api_equipments_search:2301,GET,READ,MISSING,Equipment,
mobile,mobile/routes.py,api_material_list:268,GET,READ,MISSING,Material,
mobile,mobile/routes.py,api_materials_search:1850,GET,READ,MISSING,Inventory;Material,
mobile,mobile/routes.py,api_pr_materials:3999,GET,READ,MISSING,Material,
mobile,mobile/routes.py,api_scrap_inventory:3747,GET,READ,MISSING,Inventory,
mobile,mobile/routes.py,api_stock_check:1917,GET,READ,MISSING,Inventory,
mobile,mobile/routes.py,api_suppliers_search:1882,GET,READ,MISSING,Supplier,
mobile,mobile/routes.py,api_turnover_inventory:2559,GET,READ,MISSING,Inventory;TurnoverInventory,
mobile,mobile/routes.py,api_turnover_search:2530,GET,READ,MISSING,Inventory;Material;TurnoverInventory;TurnoverMaterial,
mobile,mobile/routes.py,api_usage_units:306,GET,READ,MISSING,UsageUnit,
mobile,mobile/routes.py,approval_detail:1644,GET,READ,MISSING,ApprovalInstance,
mobile,mobile/routes.py,concrete_create:3006,"GET,POST",READ,MISSING,Supplier;WorkNumber,
mobile,mobile/routes.py,concrete_detail:3103,GET,READ,MISSING,Attachment;ConcreteTicket,
mobile,mobile/routes.py,concrete_edit:3118,"GET,POST",READ,MISSING,Attachment;ConcreteTicket;Supplier;WorkNumber,
mobile,mobile/routes.py,concrete_list:2808,GET,READ,MISSING,ConcreteTicket,
mobile,mobile/routes.py,equipment_change_status:2266,POST,WRITE,MISSING,Equipment,
mobile,mobile/routes.py,equipment_create:2074,"GET,POST",READ,MISSING,Supplier,
mobile,mobile/routes.py,equipment_detail:2053,GET,READ,MISSING,Equipment;EquipmentInspectionRecord,
mobile,mobile/routes.py,equipment_exit:2166,POST,WRITE,MISSING,Equipment,
mobile,mobile/routes.py,equipment_list:2012,GET,READ,MISSING,Equipment,
mobile,mobile/routes.py,equipment_maintenance:2207,"GET,POST",READ,MISSING,Equipment,
mobile,mobile/routes.py,equipment_qrcode:2293,GET,READ,MISSING,Equipment,
mobile,mobile/routes.py,inspection_form:2618,"GET,POST",READ,MISSING,EquipmentInspectionTask,
mobile,mobile/routes.py,inspection_list:2589,GET,READ,MISSING,EquipmentInspectionTask,
mobile,mobile/routes.py,inspection_records:2714,GET,READ,MISSING,EquipmentInspectionRecord,
mobile,mobile/routes.py,inspection_scan:2731,GET,READ,MISSING,Equipment;EquipmentInspectionTask,
mobile,mobile/routes.py,invoice_create:3453,"GET,POST",READ,MISSING,Contract,
mobile,mobile/routes.py,invoice_edit:3509,"GET,POST",READ,MISSING,Contract;Invoice,
mobile,mobile/routes.py,invoice_list:3423,GET,READ,MISSING,Invoice,
mobile,mobile/routes.py,m_contract_detail:4129,GET,READ,MISSING,Contract,
mobile,mobile/routes.py,m_contract_list:4107,GET,READ,MISSING,Contract,
mobile,mobile/routes.py,m_transfer_create:4171,"GET,POST",READ,MISSING,Material,
mobile,mobile/routes.py,portal_home:691,GET,READ,MISSING,EquipmentInspectionTask;StockIn;StockOut,
mobile,mobile/routes.py,pr_create:3800,"GET,POST",READ,MISSING,Material;UsageUnit;WorkNumber,
mobile,mobile/routes.py,pr_detail:3978,GET,READ,MISSING,PurchaseRequisition,
mobile,mobile/routes.py,pr_edit:3885,"GET,POST",READ,MISSING,Material;PurchaseRequisition;UsageUnit;WorkNumber,
mobile,mobile/routes.py,pr_list:3772,GET,READ,MISSING,PurchaseRequisition,
mobile,mobile/routes.py,pr_submit:3946,POST,WRITE,MISSING,PurchaseRequisition,
mobile,mobile/routes.py,pr_withdraw:3957,POST,WRITE,MISSING,PurchaseRequisition,
mobile,mobile/routes.py,profile:1389,GET,READ,MISSING,StockIn,
mobile,mobile/routes.py,purchase_request:1759,"GET,POST",READ,MISSING,Material;Supplier,
mobile,mobile/routes.py,records:1346,GET,READ,MISSING,StockIn;StockOut,
mobile,mobile/routes.py,scan_redirect:2758,GET,READ,MISSING,Equipment;Material;TurnoverMaterial,
mobile,mobile/routes.py,scrap_create:3587,"GET,POST",READ,MISSING,Material;MaterialScrap;UsageUnit,
mobile,mobile/routes.py,scrap_detail:3724,GET,READ,MISSING,Attachment;MaterialScrap,
mobile,mobile/routes.py,scrap_list:3556,GET,READ,MISSING,MaterialScrap,
mobile,mobile/routes.py,scrap_submit:3713,POST,WRITE,MISSING,MaterialScrap,
mobile,mobile/routes.py,stock_check_list:1487,GET,READ,MISSING,StockCheck,
mobile,mobile/routes.py,stock_in_new:995,"GET,POST",READ,MISSING,Contract,
mobile,mobile/routes.py,stock_out_new:1141,"GET,POST",READ,MISSING,UsageUnit;WorkNumber,
mobile,mobile/routes.py,supplier_edit:3352,"GET,POST",READ,MISSING,Supplier,
mobile,mobile/routes.py,supplier_list:3249,GET,READ,MISSING,Supplier,
mobile,mobile/routes.py,turnover_borrow:2385,"GET,POST",READ,MISSING,Inventory;Material;TurnoverInventory;TurnoverMaterial,
mobile,mobile/routes.py,turnover_detail:2371,GET,READ,MISSING,Inventory;Material;TurnoverInventory;TurnoverMaterial;TurnoverRecord,
mobile,mobile/routes.py,turnover_list:2345,GET,READ,MISSING,Inventory;Material;TurnoverInventory;TurnoverMaterial,
mobile,mobile/routes.py,turnover_qrcode:2574,GET,READ,MISSING,Material;TurnoverMaterial,
mobile,mobile/routes.py,turnover_rental:2510,GET,READ,MISSING,TurnoverRecord,
mobile,mobile/routes.py,turnover_return:2455,"GET,POST",READ,MISSING,Inventory;TurnoverInventory;TurnoverRecord,
payment_application,payment_application/routes.py,api_contract_info:469,GET,READ,MISSING,Contract,
payment_application,payment_application/routes.py,delete:380,POST,WRITE,MISSING,PaymentApplication,
payment_application,payment_application/routes.py,detail:223,GET,READ,MISSING,PaymentApplication;Reconciliation,
payment_application,payment_application/routes.py,submit_approval:324,POST,WRITE,MISSING,PaymentApplication,
payment_application,payment_application/routes.py,withdraw:354,POST,WRITE,MISSING,PaymentApplication,
price_formula,price_formula/routes.py,delete:103,POST,WRITE,MISSING,PriceFormula,
price_formula,price_formula/routes.py,toggle_status:145,POST,WRITE,MISSING,PriceFormula,
project,project/routes.py,api_tree:402,GET,READ,MISSING,SysDept,
project,project/routes.py,create:180,"GET,POST",READ,MISSING,SysDept,
project,project/routes.py,delete:282,POST,WRITE,MISSING,Category;Contract;Equipment;Inventory;Material;MaterialReturn,
project,project/routes.py,edit:234,"GET,POST",READ,MISSING,SysDept,
project,project/routes.py,index:124,GET,READ,MISSING,SysDept,
purchase_order,purchase_order/routes.py,approve:235,POST,WRITE,MISSING,PurchaseOrder,
purchase_order,purchase_order/routes.py,close:267,POST,WRITE,MISSING,PurchaseOrder,
purchase_order,purchase_order/routes.py,delete:199,POST,WRITE,MISSING,PurchaseOrder,
purchase_order,purchase_order/routes.py,detail:138,GET,READ,MISSING,PurchaseOrder,
purchase_order,purchase_order/routes.py,edit:148,"GET,POST",READ,MISSING,PurchaseOrder,
purchase_order,purchase_order/routes.py,receive:251,POST,WRITE,MISSING,PurchaseOrder,
purchase_order,purchase_order/routes.py,submit:214,POST,WRITE,MISSING,PurchaseOrder,
purchase_requisition,purchase_requisition/routes.py,convert_contract:394,POST,WRITE,MISSING,PurchaseRequisition,
purchase_requisition,purchase_requisition/routes.py,convert_stock_out:432,POST,WRITE,MISSING,Inventory;PurchaseRequisition,
purchase_requisition,purchase_requisition/routes.py,delete:378,POST,WRITE,MISSING,PurchaseRequisition,
purchase_requisition,purchase_requisition/routes.py,detail:212,GET,READ,MISSING,PurchaseRequisition,
purchase_requisition,purchase_requisition/routes.py,edit:226,"GET,POST",READ,MISSING,Category;Material;PurchaseRequisition,
purchase_requisition,purchase_requisition/routes.py,mark_converted:514,POST,WRITE,MISSING,PurchaseRequisition,
purchase_requisition,purchase_requisition/routes.py,submit:321,POST,WRITE,MISSING,PurchaseRequisition,
purchase_requisition,purchase_requisition/routes.py,withdraw:350,POST,WRITE,MISSING,PurchaseRequisition,
reconciliation,reconciliation/routes.py,apply_formula:326,POST,WRITE,MISSING,Reconciliation,
reconciliation,reconciliation/routes.py,cancel_confirm:543,POST,WRITE,MISSING,Inventory;Invoice;Payment;Reconciliation;StockIn,
reconciliation,reconciliation/routes.py,confirm:443,POST,WRITE,MISSING,Inventory;Reconciliation;StockIn,
reconciliation,reconciliation/routes.py,delete:647,POST,WRITE,MISSING,Reconciliation,
reconciliation,reconciliation/routes.py,detail:172,GET,READ,MISSING,Reconciliation,
reconciliation,reconciliation/routes.py,print_reconciliation:702,GET,READ,MISSING,Reconciliation,
reconciliation,reconciliation/routes.py,pull_data:200,POST,WRITE,MISSING,Reconciliation,
reconciliation,reconciliation/routes.py,save_prices:375,POST,WRITE,MISSING,Reconciliation,
reconciliation,reconciliation/routes.py,submit:663,POST,WRITE,MISSING,Reconciliation,
reconciliation,reconciliation/routes.py,withdraw:689,POST,WRITE,MISSING,Reconciliation,
scrap,scrap/routes.py,approve:292,POST,WRITE,MISSING,Inventory;InventoryBatch;Material;MaterialScrap,
scrap,scrap/routes.py,detail:283,GET,READ,MISSING,MaterialScrap,
scrap,scrap/routes.py,reject:352,POST,WRITE,MISSING,MaterialScrap,
scrap,scrap/routes.py,submit:256,POST,WRITE,MISSING,MaterialScrap,
scrap,scrap/routes.py,withdraw:268,POST,WRITE,MISSING,MaterialScrap,
stock_check,stock_check/routes.py,cancel:335,POST,WRITE,MISSING,StockCheck,
stock_check,stock_check/routes.py,confirm:254,POST,WRITE,MISSING,StockCheck,
stock_check,stock_check/routes.py,delete:358,POST,WRITE,MISSING,StockCheck,
stock_check,stock_check/routes.py,detail:186,GET,READ,MISSING,Category;StockCheck,
stock_check,stock_check/routes.py,export:372,GET,READ,MISSING,StockCheck,
stock_check,stock_check/routes.py,print_stock_check:198,GET,READ,MISSING,Category;StockCheck,
stock_check,stock_check/routes.py,save:215,POST,WRITE,MISSING,StockCheck,
stock_in,stock_in/routes.py,api_contract_items:986,GET,READ,MISSING,Material,
stock_in,stock_in/routes.py,delete:682,POST,WRITE,MISSING,StockIn,
stock_in,stock_in/routes.py,detail:476,GET,READ,MISSING,StockIn,
stock_in,stock_in/routes.py,edit:493,"GET,POST",READ,MISSING,Contract;StockIn,
stock_in,stock_in/routes.py,index:142,GET,READ,MISSING,Contract;StockIn;Supplier,
stock_in,stock_in/routes.py,print_stock_in:893,GET,READ,MISSING,StockIn,
stock_in,stock_in/routes.py,quality_pass:800,POST,WRITE,MISSING,StockIn,
stock_in,stock_in/routes.py,quality_reject:841,POST,WRITE,MISSING,StockIn,
stock_in,stock_in/routes.py,quality_resubmit:868,POST,WRITE,MISSING,StockIn,
stock_in,stock_in/routes.py,restore:788,POST,WRITE,MISSING,StockIn,
stock_in,stock_in/routes.py,submit:722,POST,WRITE,MISSING,StockIn,
stock_in,stock_in/routes.py,withdraw:763,POST,WRITE,MISSING,StockIn,
stock_out,stock_out/routes.py,api_unit_teams:862,GET,READ,MISSING,UsageUnit,
stock_out,stock_out/routes.py,api_work_number_detail:852,GET,READ,MISSING,WorkNumber,
stock_out,stock_out/routes.py,delete:684,POST,WRITE,MISSING,StockOut,
stock_out,stock_out/routes.py,detail:503,GET,READ,MISSING,StockOut,
stock_out,stock_out/routes.py,edit:545,"GET,POST",READ,MISSING,Material;StockOut;UsageUnit;WorkNumber,
stock_out,stock_out/routes.py,print_stock_out:772,GET,READ,MISSING,StockOut,
stock_out,stock_out/routes.py,restore:762,POST,WRITE,MISSING,StockOut,
stock_out,stock_out/routes.py,submit:707,POST,WRITE,MISSING,StockOut,
stock_out,stock_out/routes.py,withdraw:737,POST,WRITE,MISSING,StockOut,
subcontract,subcontract/routes.py,confirm:456,POST,WRITE,MISSING,SubcontractDeduction,
subcontract,subcontract/routes.py,detail:200,GET,READ,MISSING,StockOut;SubcontractDeduction,
subcontract,subcontract/routes.py,export:278,GET,READ,MISSING,StockOut;SubcontractDeduction;UsageUnit,
subcontract,subcontract/routes.py,set_contract:500,POST,WRITE,MISSING,UsageUnit,
subcontract,subcontract/routes.py,toggle_unit:486,POST,WRITE,MISSING,UsageUnit,
supplier,supplier/routes.py,add_evaluation:632,"GET,POST",READ,MISSING,Supplier,
supplier,supplier/routes.py,batch_delete:431,POST,WRITE,MISSING,Contract;Supplier,
supplier,supplier/routes.py,delete:207,POST,WRITE,MISSING,Contract;Invoice;Payment;PaymentApplication;ProjectSupplier;PurchaseOrder,
supplier,supplier/routes.py,detail:588,GET,READ,MISSING,StockIn;Supplier,
supplier,supplier/routes.py,edit:176,"GET,POST",READ,MISSING,Supplier,
supplier,supplier/routes.py,supplier_ledger_detail:915,GET,READ,MISSING,Invoice;Payment;Reconciliation;StockIn;Supplier,
supplier,supplier/routes.py,supplier_ledger_export:1072,GET,READ,MISSING,Invoice;Payment;Reconciliation;StockIn;Supplier,
system,system/rbac_routes.py,api_dept_tree:1066,GET,READ,MISSING,SysDept,
system,system/rbac_routes.py,create_dept:339,"GET,POST",READ,MISSING,SysDept,
system,system/rbac_routes.py,delete_dept:530,POST,WRITE,MISSING,SysDept,
system,system/rbac_routes.py,depts:318,GET,READ,MISSING,SysDept,
system,system/rbac_routes.py,edit_dept:438,"GET,POST",READ,MISSING,SysDept,
system,system/rbac_routes.py,role_permissions:707,GET,READ,MISSING,SysDept,
system,system/rbac_routes.py,toggle_dept:563,POST,WRITE,MISSING,SysDept,
turnover_material,turnover_material/routes.py,create:50,"GET,POST",READ,MISSING,Material;TurnoverMaterial,
turnover_material,turnover_material/routes.py,create_record:156,"GET,POST",READ,MISSING,Inventory;Material;TurnoverInventory;TurnoverMaterial,
turnover_material,turnover_material/routes.py,delete:110,POST,WRITE,MISSING,Material;TurnoverMaterial,
turnover_material,turnover_material/routes.py,edit:86,"GET,POST",READ,MISSING,Material;TurnoverMaterial,
turnover_material,turnover_material/routes.py,inventory:123,GET,READ,MISSING,Inventory;TurnoverInventory,
turnover_material,turnover_material/routes.py,record_index:135,GET,READ,MISSING,Material;TurnoverMaterial;TurnoverRecord,
turnover_material,turnover_material/routes.py,rental_bill:228,GET,READ,MISSING,TurnoverRecord,
turnover_material,turnover_material/routes.py,return_record:192,POST,WRITE,MISSING,Inventory;TurnoverInventory;TurnoverRecord,
unit,unit/routes.py,create_team:156,POST,WRITE,MISSING,UsageUnit,
unit,unit/routes.py,delete:135,POST,WRITE,MISSING,UsageUnit,
unit,unit/routes.py,detail:145,GET,READ,MISSING,UsageUnit,
unit,unit/routes.py,edit:110,"GET,POST",READ,MISSING,UsageUnit,
unit,unit/routes.py,team_list:204,GET,READ,MISSING,UsageUnit,
work_number,work_number/routes.py,delete:233,POST,WRITE,MISSING,WorkNumber,
work_number,work_number/routes.py,delete_quota:295,POST,WRITE,MISSING,MaterialQuota,
work_number,work_number/routes.py,edit:209,"GET,POST",READ,MISSING,WorkNumber,
work_number,work_number/routes.py,edit_quota:281,POST,WRITE,MISSING,MaterialQuota,
admin,admin/routes.py,download_attachment:1152,GET,READ,OK,Attachment,current_project_id
barcode,barcode/routes.py,api_barcode:216,GET,READ,OK,Material,current_project_id
barcode,barcode/routes.py,api_qrcode:185,GET,READ,OK,Material,current_project_id
barcode,barcode/routes.py,batch_print:258,GET,READ,OK,Category;Material,current_project_id
barcode,barcode/routes.py,generate:68,POST,WRITE,OK,Material,current_project_id
barcode,barcode/routes.py,history:246,GET,READ,OK,BarcodeLabel,current_project_id
barcode,barcode/routes.py,index:47,GET,READ,OK,Category;Material,current_project_id
barcode,barcode/routes.py,preview:147,GET,READ,OK,Material,current_project_id
batch,batch/routes.py,api_batches:111,GET,READ,OK,InventoryBatch;Material,current_project_id
batch,batch/routes.py,api_check_expired:253,GET,READ,OK,InventoryBatch,current_project_id
batch,batch/routes.py,api_fifo:179,POST,WRITE,OK,InventoryBatch;Material,current_project_id
batch,batch/routes.py,category_config:66,GET,READ,OK,Category;Material,current_project_id
concrete,concrete/routes.py,api_mark_reconciled:168,POST,WRITE,OK,ConcreteTicket,current_project_id
concrete,concrete/routes.py,api_project_concrete_materials:125,GET,READ,OK,Material,current_project_id
concrete,concrete/routes.py,api_supplier_contracts:62,GET,READ,OK,Contract,current_project_id
concrete,concrete/routes.py,create:263,"GET,POST",READ,OK,Supplier;WorkNumber,current_project_id
concrete,concrete/routes.py,index:191,GET,READ,OK,ConcreteTicket;Contract;Supplier,current_project_id
concrete,concrete/routes.py,reconcile:417,GET,READ,OK,ConcreteTicket,current_project_id
concrete,concrete/routes.py,stats:572,GET,READ,OK,ConcreteTicket;WorkNumber,current_project_id
contract,contract/routes.py,api_contracts_by_project:634,GET,READ,OK,Contract;Supplier,current_project_id
contract,contract/routes.py,batch_delete:695,POST,WRITE,OK,Contract,current_project_id
contract,contract/routes.py,batch_export:728,GET,READ,OK,Contract,current_project_id
contract,contract/routes.py,create:132,"GET,POST",READ,OK,Contract,current_project_id
contract,contract/routes.py,create_invoice:436,"GET,POST",READ,OK,Contract,current_project_id
contract,contract/routes.py,create_payment:549,"GET,POST",READ,OK,Contract;PaymentApplication,current_project_id
contract,contract/routes.py,expiry_check:1496,GET,READ,OK,Contract,current_project_id
contract,contract/routes.py,index:85,GET,READ,OK,Contract,current_project_id
contract,contract/routes.py,invoices:406,GET,READ,OK,Contract;Invoice,current_project_id
contract,contract/routes.py,payments:519,GET,READ,OK,Contract;Payment,current_project_id
equipment,equipment/routes.py,index:110,GET,READ,OK,Equipment,current_project_id
inventory,inventory/routes.py,export:122,GET,READ,OK,Category,current_project_id
inventory,inventory/routes.py,history:197,GET,READ,OK,Material,current_project_id
inventory,inventory/routes.py,index:39,GET,READ,OK,Category;Material,current_project_id
inventory,inventory/routes.py,initial_batch:353,POST,WRITE,OK,Inventory;Material,current_project_id
inventory,inventory/routes.py,initial_single:248,POST,WRITE,OK,Inventory,current_project_id
inventory,inventory/routes.py,update_safety_stock:557,POST,WRITE,OK,Inventory,current_project_id
material,material/routes.py,api_add_to_project:218,POST,WRITE,OK,Material,current_project_id
material,material/routes.py,create:94,"GET,POST",READ,OK,Category,current_project_id
material,material/routes.py,import_excel:330,POST,WRITE,OK,Category;Material;ProjectMaterial,current_project_id
material,material/routes.py,index:55,GET,READ,OK,Category;Material;ProjectMaterial,current_project_id
material,material/routes.py,qr_batch:477,POST,WRITE,OK,Material,current_project_id
material,material/routes.py,qr_generate:449,GET,READ,OK,Material,current_project_id
material,material/routes.py,remove_from_project:193,POST,WRITE,OK,Material,current_project_id
material_return,material_return/routes.py,create:140,"GET,POST",READ,OK,StockOut,current_project_id
material_return,material_return/routes.py,index:105,GET,READ,OK,MaterialReturn,current_project_id
material_transfer,material_transfer/routes.py,create:91,"GET,POST",READ,OK,Inventory;Material,current_project_id
mobile,mobile/routes.py,api_ai_chat:4335,POST,WRITE,OK,Inventory,current_project_id
mobile,mobile/routes.py,api_ai_inventory_analysis:4300,POST,WRITE,OK,Inventory,current_project_id
mobile,mobile/routes.py,login:611,"GET,POST",READ,OK,User,current_project_id
mobile,mobile/routes.py,stock_check_confirm:1596,POST,WRITE,OK,StockCheck,can_access_project
mobile,mobile/routes.py,stock_check_detail:1503,GET,READ,OK,Inventory;Material;StockCheck,can_access_project
mobile,mobile/routes.py,stock_check_save:1546,POST,WRITE,OK,StockCheck,can_access_project
payment_application,payment_application/routes.py,api_reconciliations_by_supplier:439,GET,READ,OK,Reconciliation,current_project_id
payment_application,payment_application/routes.py,create:137,"GET,POST",READ,OK,Contract;PaymentApplication;Supplier,current_project_id
payment_application,payment_application/routes.py,edit:250,"GET,POST",READ,OK,Contract;PaymentApplication;Supplier,current_project_id
payment_application,payment_application/routes.py,index:89,GET,READ,OK,PaymentApplication;Supplier,current_project_id
period_close,period_close/routes.py,check:53,GET,READ,OK,Inventory;StockIn;StockOut,current_project_id
period_close,period_close/routes.py,do_close:109,POST,WRITE,OK,PeriodClose,current_project_id
period_close,period_close/routes.py,index:39,GET,READ,OK,PeriodClose,current_project_id
period_close,period_close/routes.py,reopen:224,POST,WRITE,OK,MovementSnapshot;PeriodClose,current_project_id
price_formula,price_formula/routes.py,api_by_supplier:113,GET,READ,OK,PriceFormula,current_project_id
price_formula,price_formula/routes.py,create:27,"GET,POST",READ,OK,Category;Supplier,current_project_id
price_formula,price_formula/routes.py,edit:69,"GET,POST",READ,OK,Category;PriceFormula;Supplier,current_project_id
price_formula,price_formula/routes.py,index:13,GET,READ,OK,PriceFormula,current_project_id
purchase_order,purchase_order/routes.py,index:43,GET,READ,OK,PurchaseOrder,current_project_id
purchase_requisition,purchase_requisition/routes.py,batch_delete:551,POST,WRITE,OK,PurchaseRequisition,current_project_id
purchase_requisition,purchase_requisition/routes.py,batch_export:588,GET,READ,OK,PurchaseRequisition,current_project_id
purchase_requisition,purchase_requisition/routes.py,create:101,"GET,POST",READ,OK,Category;Material;PurchaseRequisition,current_project_id
purchase_requisition,purchase_requisition/routes.py,index:37,GET,READ,OK,PurchaseRequisition,current_project_id
reconciliation,reconciliation/routes.py,api_contracts_by_supplier:726,GET,READ,OK,Contract,current_project_id
reconciliation,reconciliation/routes.py,create:110,"GET,POST",READ,OK,PriceFormula;Supplier,current_project_id
reconciliation,reconciliation/routes.py,index:76,GET,READ,OK,Reconciliation;Supplier,current_project_id
report,report/routes.py,cost_composition:1391,GET,READ,OK,Category,current_project_id
report,report/routes.py,export_material_movement:983,GET,READ,OK,Material,current_project_id
report,report/routes.py,export_quota_execution:1649,GET,READ,OK,MaterialQuota;WorkNumber,current_project_id
report,report/routes.py,export_stock_in:779,GET,READ,OK,Category;StockIn,current_project_id
report,report/routes.py,export_stock_out:881,GET,READ,OK,Category;StockOut,current_project_id
report,report/routes.py,export_supplier_detail:2804,GET,READ,OK,Supplier,current_project_id
report,report/routes.py,export_supplier_ledger:2709,GET,READ,OK,Supplier,current_project_id
report,report/routes.py,ledger:2122,GET,READ,OK,Material,current_project_id
report,report/routes.py,material_movement:432,GET,READ,OK,PeriodClose;StockIn,current_project_id
report,report/routes.py,material_movement_detail:580,GET,READ,OK,Material;MovementSnapshot;PeriodClose;StockIn,current_project_id
report,report/routes.py,price_trend:1342,GET,READ,OK,Material,current_project_id
report,report/routes.py,quota_execution:1526,GET,READ,OK,MaterialQuota;WorkNumber,current_project_id
report,report/routes.py,stock_in_report:97,GET,READ,OK,Category;StockIn;Supplier,current_project_id
report,report/routes.py,stock_out_report:281,GET,READ,OK,Category;StockOut;UsageUnit,current_project_id
report,report/routes.py,supplier_ledger:2459,GET,READ,OK,Supplier,current_project_id
report,report/routes.py,supplier_ledger_detail:2595,GET,READ,OK,Supplier,current_project_id
report,report/routes.py,turnover_rate:1251,GET,READ,OK,Material,current_project_id
report,report/routes.py,work_number_cost:2245,GET,READ,OK,Category;MaterialQuota;UsageUnit,current_project_id
scrap,scrap/routes.py,create:102,"GET,POST",READ,OK,UsageUnit,current_project_id
scrap,scrap/routes.py,index:60,GET,READ,OK,MaterialScrap,current_project_id
stock_check,stock_check/routes.py,api_category_children:400,GET,READ,OK,Category,current_project_id
stock_check,stock_check/routes.py,create:103,"GET,POST",READ,OK,Category;Inventory;Material,current_project_id
stock_check,stock_check/routes.py,index:54,GET,READ,OK,StockCheck,current_project_id
stock_in,stock_in/routes.py,api_contracts_by_project:952,GET,READ,OK,Contract,current_project_id
stock_in,stock_in/routes.py,batch_delete:1081,POST,WRITE,OK,StockIn,current_project_id
stock_in,stock_in/routes.py,batch_export:1128,GET,READ,OK,StockIn,current_project_id
stock_in,stock_in/routes.py,create:233,"GET,POST",READ,OK,Contract;Material;StockIn,current_project_id
stock_in,stock_in/routes.py,export:917,GET,READ,OK,StockIn,current_project_id
stock_out,stock_out/routes.py,batch_delete:881,POST,WRITE,OK,StockOut,current_project_id
stock_out,stock_out/routes.py,batch_export:921,GET,READ,OK,StockOut,current_project_id
stock_out,stock_out/routes.py,create:299,"GET,POST",READ,OK,Material;MaterialQuota;StockOut;UsageUnit;WorkNumber,current_project_id
stock_out,stock_out/routes.py,export:795,GET,READ,OK,StockOut,current_project_id
stock_out,stock_out/routes.py,index:237,GET,READ,OK,StockOut;UsageUnit,current_project_id
subcontract,subcontract/routes.py,generate:67,"GET,POST",READ,OK,SubcontractDeduction,current_project_id
subcontract,subcontract/routes.py,index:33,GET,READ,OK,SubcontractDeduction;UsageUnit,current_project_id
subcontract,subcontract/routes.py,units:471,GET,READ,OK,UsageUnit,current_project_id
supplier,supplier/routes.py,api_add_to_project:283,POST,WRITE,OK,Supplier,current_project_id
supplier,supplier/routes.py,api_expiring_suppliers:758,GET,READ,OK,Supplier,current_project_id
supplier,supplier/routes.py,import_excel:490,POST,WRITE,OK,ProjectSupplier;Supplier,current_project_id
supplier,supplier/routes.py,index:41,GET,READ,OK,ProjectSupplier;Supplier,current_project_id
supplier,supplier/routes.py,ledger:809,GET,READ,OK,Invoice;Payment;Reconciliation;StockIn;Supplier,current_project_id
supplier,supplier/routes.py,remove_from_project:258,POST,WRITE,OK,Supplier,current_project_id
turnover_material,turnover_material/routes.py,api_inventory:246,GET,READ,OK,Inventory;TurnoverInventory,current_project_id
turnover_material,turnover_material/routes.py,index:24,GET,READ,OK,Material;TurnoverMaterial,current_project_id
unit,unit/routes.py,index:42,GET,READ,OK,UsageUnit,current_project_id
work_number,work_number/routes.py,add_item:126,"GET,POST",READ,OK,WorkNumber,current_project_id
work_number,work_number/routes.py,add_quota:246,POST,WRITE,OK,MaterialQuota;WorkNumber,current_project_id
work_number,work_number/routes.py,api_quota_check:306,GET,READ,OK,MaterialQuota,current_project_id
work_number,work_number/routes.py,detail:160,GET,READ,OK,Material;MaterialQuota;WorkNumber,current_project_id
work_number,work_number/routes.py,index:73,GET,READ,OK,WorkNumber,current_project_id
